model,source_dataset,test_dataset,eval_type,seed,checkpoint_path,checkpoint_sha256,best_epoch,mae,mse,rmse,r2,n_samples,total_params,trainable_params,nontrainable_params,model_size_mb,training_time_sec,avg_inference_ms_sample,inference_std_ms,device
ARNIQA_SNR,EPFL,EPFL,in-domain,42,/mnt/d/hscf/sota_iqa_baselines/checkpoints/ARNIQA_SNR/EPFL/seed_42/best.pt,76ed4e8841ef258112091769ebf852fd75420bdaaffb450b90f03f75e88a12c1,15,0.6200598076475619,0.46124966363142295,0.6791536377222925,-0.3627260539564481,2130,23512129,23512129,0,89.89471817016602,14529.418816328049,13.801411619768457,16.140794654614485,cuda
ARNIQA_SNR,EPFL,NFFA,cross-dataset,42,/mnt/d/hscf/sota_iqa_baselines/checkpoints/ARNIQA_SNR/EPFL/seed_42/best.pt,76ed4e8841ef258112091769ebf852fd75420bdaaffb450b90f03f75e88a12c1,15,2.503520287997982,10.59571581797148,3.2551061147021736,0.11465964119804717,1930,23512129,23512129,0,89.89471817016602,14529.418816328049,15.007085503691837,8.35198942898219,cuda
ARNIQA_SNR,EPFL,Biofilms,cross-dataset,42,/mnt/d/hscf/sota_iqa_baselines/checkpoints/ARNIQA_SNR/EPFL/seed_42/best.pt,76ed4e8841ef258112091769ebf852fd75420bdaaffb450b90f03f75e88a12c1,15,4.250006340231214,25.926009206326313,5.0917589501395595,-0.8251248910204789,140,23512129,23512129,0,89.89471817016602,14529.418816328049,15.031346252986364,9.529243976353825,cuda
ARNIQA_SNR,EPFL,EPFL,in-domain,123,/mnt/d/hscf/sota_iqa_baselines/checkpoints/ARNIQA_SNR/EPFL/seed_123/best.pt,50241c71780083008d4ad5011449a98415d0c47687b55619d81d2c14f8423df4,16,0.7514996273416868,0.7255775313671816,0.8518083888804933,-1.1436620644336446,2130,23512129,23512129,0,89.89471817016602,14805.08618068695,7.868594406915943,1.7234281043134203,cuda
ARNIQA_SNR,EPFL,NFFA,cross-dataset,123,/mnt/d/hscf/sota_iqa_baselines/checkpoints/ARNIQA_SNR/EPFL/seed_123/best.pt,50241c71780083008d4ad5011449a98415d0c47687b55619d81d2c14f8423df4,16,2.3749496908385517,9.415573957203685,3.068480724593799,0.2132681011075912,1930,23512129,23512129,0,89.89471817016602,14805.08618068695,8.176512668787506,1.849967480892365,cuda
ARNIQA_SNR,EPFL,Biofilms,cross-dataset,123,/mnt/d/hscf/sota_iqa_baselines/checkpoints/ARNIQA_SNR/EPFL/seed_123/best.pt,50241c71780083008d4ad5011449a98415d0c47687b55619d81d2c14f8423df4,16,4.053143560886383,23.48669362512044,4.846307215305324,-0.6534032986657805,140,23512129,23512129,0,89.89471817016602,14805.08618068695,8.907718317849296,1.9185937138027875,cuda
ARNIQA_SNR,EPFL,EPFL,in-domain,456,/mnt/d/hscf/sota_iqa_baselines/checkpoints/ARNIQA_SNR/EPFL/seed_456/best.pt,ee009771eb90b3dfe063af1d0354aa4394698a4fe6fb22c4620efd53e335edac,0,0.6184763760633871,0.46994191432915244,0.6855230954017176,-0.3884066287671917,2130,23512129,23512129,0,89.89471817016602,14689.972727775574,10.933869209647739,2.5028125503662273,cuda
ARNIQA_SNR,EPFL,NFFA,cross-dataset,456,/mnt/d/hscf/sota_iqa_baselines/checkpoints/ARNIQA_SNR/EPFL/seed_456/best.pt,ee009771eb90b3dfe063af1d0354aa4394698a4fe6fb22c4620efd53e335edac,0,1.9899641450822663,6.762964651412154,2.6005700627770354,0.43491070788340047,1930,23512129,23512129,0,89.89471817016602,14689.972727775574,13.123586634897816,5.1083961501324815,cuda
ARNIQA_SNR,EPFL,Biofilms,cross-dataset,456,/mnt/d/hscf/sota_iqa_baselines/checkpoints/ARNIQA_SNR/EPFL/seed_456/best.pt,ee009771eb90b3dfe063af1d0354aa4394698a4fe6fb22c4620efd53e335edac,0,2.9609961356435504,13.22611701712579,3.636772885007502,0.06891511194806366,140,23512129,23512129,0,89.89471817016602,14689.972727775574,13.324100630623954,9.699170997705565,cuda
ARNIQA_SNR,EPFL,EPFL,in-domain,789,/mnt/d/hscf/sota_iqa_baselines/checkpoints/ARNIQA_SNR/EPFL/seed_789/best.pt,9cedf1fe9ab795220fa86b4655446d06c6098891e322fb4516528a26527cb28b,1,0.6808869630518094,0.5835475322452697,0.763902829059606,-0.724045541089138,2130,23512129,23512129,0,89.89471817016602,14558.773007631302,16.02752085582751,7.7911121546864806,cuda
ARNIQA_SNR,EPFL,NFFA,cross-dataset,789,/mnt/d/hscf/sota_iqa_baselines/checkpoints/ARNIQA_SNR/EPFL/seed_789/best.pt,9cedf1fe9ab795220fa86b4655446d06c6098891e322fb4516528a26527cb28b,1,2.304045774899616,9.21378019198634,3.0354209250096336,0.23012927099651004,1930,23512129,23512129,0,89.89471817016602,14558.773007631302,9.957570733184024,5.681849960306693,cuda
ARNIQA_SNR,EPFL,Biofilms,cross-dataset,789,/mnt/d/hscf/sota_iqa_baselines/checkpoints/ARNIQA_SNR/EPFL/seed_789/best.pt,9cedf1fe9ab795220fa86b4655446d06c6098891e322fb4516528a26527cb28b,1,4.065820917061397,24.013547342443353,4.900361960349802,-0.6904924559579901,140,23512129,23512129,0,89.89471817016602,14558.773007631302,8.003377914428711,1.872579334069188,cuda
ARNIQA_SNR,EPFL,EPFL,in-domain,1024,/mnt/d/hscf/sota_iqa_baselines/checkpoints/ARNIQA_SNR/EPFL/seed_1024/best.pt,852fe029e025879fbf23f74a3faa0f8aedb2bc31976a492cf378f09a2815b74c,85,0.7513233990736411,0.7574338163460445,0.8703067369301725,-1.237778966722916,2130,23512129,23512129,0,89.89471817016602,14075.831464767456,8.067334985509165,1.6004345448427535,cuda
ARNIQA_SNR,EPFL,NFFA,cross-dataset,1024,/mnt/d/hscf/sota_iqa_baselines/checkpoints/ARNIQA_SNR/EPFL/seed_1024/best.pt,852fe029e025879fbf23f74a3faa0f8aedb2bc31976a492cf378f09a2815b74c,85,2.5417093972468003,10.831564606435771,3.2911342431501898,0.09495295459101083,1930,23512129,23512129,0,89.89471817016602,14075.831464767456,9.286561654639367,1.9458081044502757,cuda
ARNIQA_SNR,EPFL,Biofilms,cross-dataset,1024,/mnt/d/hscf/sota_iqa_baselines/checkpoints/ARNIQA_SNR/EPFL/seed_1024/best.pt,852fe029e025879fbf23f74a3faa0f8aedb2bc31976a492cf378f09a2815b74c,85,4.319911614486149,26.561835711896297,5.1538175862069755,-0.869885454532243,140,23512129,23512129,0,89.89471817016602,14075.831464767456,11.004980972834996,1.9179799725242634,cuda
ARNIQA_SNR,NFFA,EPFL,cross-dataset,42,/mnt/d/hscf/sota_iqa_baselines/checkpoints/ARNIQA_SNR/NFFA/seed_42/best.pt,96799cd73da84c03a50dad96b5a5dfa4402501ad87d42e35ba6d6cb247e80bb3,96,0.3056324452861374,0.1347731110352487,0.3671145748063521,0.601823384900596,2130,23512129,23512129,0,89.89471817016602,11060.340074062347,10.617772178470808,1.304770007566388,cuda
ARNIQA_SNR,NFFA,NFFA,in-domain,42,/mnt/d/hscf/sota_iqa_baselines/checkpoints/ARNIQA_SNR/NFFA/seed_42/best.pt,96799cd73da84c03a50dad96b5a5dfa4402501ad87d42e35ba6d6cb247e80bb3,96,0.692895789344076,0.872229633453197,0.9339323495056786,0.9271195915495034,1930,23512129,23512129,0,89.89471817016602,11060.340074062347,10.427475469717708,1.7904336955185032,cuda
ARNIQA_SNR,NFFA,Biofilms,cross-dataset,42,/mnt/d/hscf/sota_iqa_baselines/checkpoints/ARNIQA_SNR/NFFA/seed_42/best.pt,96799cd73da84c03a50dad96b5a5dfa4402501ad87d42e35ba6d6cb247e80bb3,96,1.7836043170520237,5.092521799909266,2.2566616494080955,0.641499460209602,140,23512129,23512129,0,89.89471817016602,11060.340074062347,10.041897637503487,1.479670608275693,cuda
ARNIQA_SNR,NFFA,EPFL,cross-dataset,123,/mnt/d/hscf/sota_iqa_baselines/checkpoints/ARNIQA_SNR/NFFA/seed_123/best.pt,f913b35c629c0ef3424e7b519679ded76820f9a5eabdc9fd5adf6a87cbefa968,96,0.382322878233144,0.17763815489986012,0.42147141646837705,0.4751819655477808,2130,23512129,23512129,0,89.89471817016602,11819.02573299408,10.283091706289373,1.02347457421541,cuda
ARNIQA_SNR,NFFA,NFFA,in-domain,123,/mnt/d/hscf/sota_iqa_baselines/checkpoints/ARNIQA_SNR/NFFA/seed_123/best.pt,f913b35c629c0ef3424e7b519679ded76820f9a5eabdc9fd5adf6a87cbefa968,96,0.5807575333303738,0.6270262673552802,0.7918499020365414,0.9476079134194021,1930,23512129,23512129,0,89.89471817016602,11819.02573299408,10.212218082012908,1.4733553527496213,cuda
ARNIQA_SNR,NFFA,Biofilms,cross-dataset,123,/mnt/d/hscf/sota_iqa_baselines/checkpoints/ARNIQA_SNR/NFFA/seed_123/best.pt,f913b35c629c0ef3424e7b519679ded76820f9a5eabdc9fd5adf6a87cbefa968,96,1.9770868182182313,5.8665880217733095,2.422104048502729,0.5870071734261231,140,23512129,23512129,0,89.89471817016602,11819.02573299408,10.179202897208077,1.1709674789623634,cuda
ARNIQA_SNR,NFFA,EPFL,cross-dataset,456,/mnt/d/hscf/sota_iqa_baselines/checkpoints/ARNIQA_SNR/NFFA/seed_456/best.pt,757b38712df38cad02ed2911cf0d71a8620efe8977a2cd984e2253a8dc6a6eb9,59,0.41144983578176003,0.20752241685427542,0.4555462839869023,0.3868912510398931,2130,23512129,23512129,0,89.89471817016602,12138.815976381302,10.290051290127034,1.0416397799693766,cuda
ARNIQA_SNR,NFFA,NFFA,in-domain,456,/mnt/d/hscf/sota_iqa_baselines/checkpoints/ARNIQA_SNR/NFFA/seed_456/best.pt,757b38712df38cad02ed2911cf0d71a8620efe8977a2cd984e2253a8dc6a6eb9,59,0.3988395059664632,0.3700751991500454,0.6083380632099601,0.9690778315285232,1930,23512129,23512129,0,89.89471817016602,12138.815976381302,10.36905291166948,1.551315739312978,cuda
ARNIQA_SNR,NFFA,Biofilms,cross-dataset,456,/mnt/d/hscf/sota_iqa_baselines/checkpoints/ARNIQA_SNR/NFFA/seed_456/best.pt,757b38712df38cad02ed2911cf0d71a8620efe8977a2cd984e2253a8dc6a6eb9,59,1.8544608780315943,5.467587860429522,2.3382873776397806,0.6150957666297403,140,23512129,23512129,0,89.89471817016602,12138.815976381302,10.01581975391933,1.3818347519861562,cuda
ARNIQA_SNR,NFFA,EPFL,cross-dataset,789,/mnt/d/hscf/sota_iqa_baselines/checkpoints/ARNIQA_SNR/NFFA/seed_789/best.pt,1687f171d706494f999d2d57bad560b740fdbae8aa600e10a4486f85d09403a3,99,0.5586800749872772,0.340168035705497,0.5832392611145935,-0.004999854806372106,2130,23512129,23512129,0,89.89471817016602,11891.015630245209,10.28571263165541,0.8437818395687876,cuda
ARNIQA_SNR,NFFA,NFFA,in-domain,789,/mnt/d/hscf/sota_iqa_baselines/checkpoints/ARNIQA_SNR/NFFA/seed_789/best.pt,1687f171d706494f999d2d57bad560b740fdbae8aa600e10a4486f85d09403a3,99,0.39286675972024393,0.36758204064909805,0.6062854448600082,0.9692861509927009,1930,23512129,23512129,0,89.89471817016602,11891.015630245209,9.942766298284186,0.9756248162992559,cuda
ARNIQA_SNR,NFFA,Biofilms,cross-dataset,789,/mnt/d/hscf/sota_iqa_baselines/checkpoints/ARNIQA_SNR/NFFA/seed_789/best.pt,1687f171d706494f999d2d57bad560b740fdbae8aa600e10a4486f85d09403a3,99,1.668644918714251,4.645788315891654,2.155409083188538,0.6729483575251938,140,23512129,23512129,0,89.89471817016602,11891.015630245209,10.038701125553676,1.4693644373081582,cuda
ARNIQA_SNR,NFFA,EPFL,cross-dataset,1024,/mnt/d/hscf/sota_iqa_baselines/checkpoints/ARNIQA_SNR/NFFA/seed_1024/best.pt,fdb7f270040431d005a2c7ba2b15a3d785e59fa7ddffb220e946c1f95de59d07,92,0.32943137844963255,0.1437196726500084,0.37910377556812647,0.5753914683767458,2130,23512129,23512129,0,89.89471817016602,11993.316652297974,10.389746074945155,1.761512858079551,cuda
ARNIQA_SNR,NFFA,NFFA,in-domain,1024,/mnt/d/hscf/sota_iqa_baselines/checkpoints/ARNIQA_SNR/NFFA/seed_1024/best.pt,fdb7f270040431d005a2c7ba2b15a3d785e59fa7ddffb220e946c1f95de59d07,92,0.5468162883748662,0.5393612105082312,0.7344121530232401,0.9549328940263488,1930,23512129,23512129,0,89.89471817016602,11993.316652297974,9.719186249174601,1.6255441819500498,cuda
ARNIQA_SNR,NFFA,Biofilms,cross-dataset,1024,/mnt/d/hscf/sota_iqa_baselines/checkpoints/ARNIQA_SNR/NFFA/seed_1024/best.pt,fdb7f270040431d005a2c7ba2b15a3d785e59fa7ddffb220e946c1f95de59d07,92,2.1095861111368452,9.112313637569475,3.018660901388143,0.35851637240585466,140,23512129,23512129,0,89.89471817016602,11993.316652297974,9.8245450428554,2.861766477433486,cuda
ARNIQA_SNR,Biofilms,EPFL,cross-dataset,42,/mnt/d/hscf/sota_iqa_baselines/checkpoints/ARNIQA_SNR/Biofilms/seed_42/best.pt,28f7b44a9ea27e85ce270f939aa47a1dfb94e888237e55f3116e4fb5601342ec,78,0.8592213066530899,1.0019339172200938,1.000966491557082,-1.960135390861776,2130,23512129,23512129,0,89.89471817016602,794.9570229053497,8.877201371349638,1.7830345354552162,cuda
ARNIQA_SNR,Biofilms,NFFA,cross-dataset,42,/mnt/d/hscf/sota_iqa_baselines/checkpoints/ARNIQA_SNR/Biofilms/seed_42/best.pt,28f7b44a9ea27e85ce270f939aa47a1dfb94e888237e55f3116e4fb5601342ec,78,1.2515073194404958,2.5328779277763407,1.5915017837804457,0.7883617216709795,1930,23512129,23512129,0,89.89471817016602,794.9570229053497,8.924119707216253,1.8960278907270292,cuda
ARNIQA_SNR,Biofilms,Biofilms,in-domain,42,/mnt/d/hscf/sota_iqa_baselines/checkpoints/ARNIQA_SNR/Biofilms/seed_42/best.pt,28f7b44a9ea27e85ce270f939aa47a1dfb94e888237e55f3116e4fb5601342ec,78,1.2040438669068472,2.5941554552686945,1.6106382136496993,0.8173780756263817,140,23512129,23512129,0,89.89471817016602,794.9570229053497,8.777267592293876,1.9615441046073347,cuda
ARNIQA_SNR,Biofilms,EPFL,cross-dataset,123,/mnt/d/hscf/sota_iqa_baselines/checkpoints/ARNIQA_SNR/Biofilms/seed_123/best.pt,e76b903b6babfc7ebb37c768c1797e848357c88574b664a41038ab9d669e44fb,99,0.5402810347471998,0.4253070685702514,0.6521557088381972,-0.2565364681450557,2130,23512129,23512129,0,89.89471817016602,818.0992469787598,8.796466236383143,1.6817294814760946,cuda
ARNIQA_SNR,Biofilms,NFFA,cross-dataset,123,/mnt/d/hscf/sota_iqa_baselines/checkpoints/ARNIQA_SNR/Biofilms/seed_123/best.pt,e76b903b6babfc7ebb37c768c1797e848357c88574b664a41038ab9d669e44fb,99,1.6660129842362874,4.143319462935905,2.0355145450072087,0.6537989501638914,1930,23512129,23512129,0,89.89471817016602,818.0992469787598,8.393572278591018,1.5683643087379924,cuda
ARNIQA_SNR,Biofilms,Biofilms,in-domain,123,/mnt/d/hscf/sota_iqa_baselines/checkpoints/ARNIQA_SNR/Biofilms/seed_123/best.pt,e76b903b6babfc7ebb37c768c1797e848357c88574b664a41038ab9d669e44fb,99,1.3723629934447152,2.5070533518259235,1.5833677247645044,0.8235098414445798,140,23512129,23512129,0,89.89471817016602,818.0992469787598,7.886791229248047,1.2560421180355243,cuda
ARNIQA_SNR,Biofilms,EPFL,cross-dataset,456,/mnt/d/hscf/sota_iqa_baselines/checkpoints/ARNIQA_SNR/Biofilms/seed_456/best.pt,1265d313c8b38b4d6aa5abdb505a6589d9950a442722500ecfdb0a389c1c8303,56,1.4065682348511028,2.9868400957514596,1.7282476951384773,-7.824385443313304,2130,23512129,23512129,0,89.89471817016602,780.8855810165405,8.728463437075906,1.5494549947860181,cuda
ARNIQA_SNR,Biofilms,NFFA,cross-dataset,456,/mnt/d/hscf/sota_iqa_baselines/checkpoints/ARNIQA_SNR/Biofilms/seed_456/best.pt,1265d313c8b38b4d6aa5abdb505a6589d9950a442722500ecfdb0a389c1c8303,56,2.815853306666557,13.791351910005291,3.713670947998125,-0.15235635403306436,1930,23512129,23512129,0,89.89471817016602,780.8855810165405,9.134110638514702,1.7499898819264417,cuda
ARNIQA_SNR,Biofilms,Biofilms,in-domain,456,/mnt/d/hscf/sota_iqa_baselines/checkpoints/ARNIQA_SNR/Biofilms/seed_456/best.pt,1265d313c8b38b4d6aa5abdb505a6589d9950a442722500ecfdb0a389c1c8303,56,1.1432610188211714,1.8453654523847884,1.3584422889415613,0.8700909810926513,140,23512129,23512129,0,89.89471817016602,780.8855810165405,9.192499092647008,1.7974251148793612,cuda
ARNIQA_SNR,Biofilms,EPFL,cross-dataset,789,/mnt/d/hscf/sota_iqa_baselines/checkpoints/ARNIQA_SNR/Biofilms/seed_789/best.pt,4cd321945690724272855bf41533c75201f96e36b8f2df65d71b7e0ef868560a,35,0.5698619363453467,0.4898320324500114,0.6998800128950757,-0.44717042702380083,2130,23512129,23512129,0,89.89471817016602,783.3222644329071,8.766030033989132,1.5541729537535103,cuda
ARNIQA_SNR,Biofilms,NFFA,cross-dataset,789,/mnt/d/hscf/sota_iqa_baselines/checkpoints/ARNIQA_SNR/Biofilms/seed_789/best.pt,4cd321945690724272855bf41533c75201f96e36b8f2df65d71b7e0ef868560a,35,1.489736745888705,4.611851397198609,2.147522152900549,0.6146500868009506,1930,23512129,23512129,0,89.89471817016602,783.3222644329071,9.104258779417048,1.846142674800777,cuda
ARNIQA_SNR,Biofilms,Biofilms,in-domain,789,/mnt/d/hscf/sota_iqa_baselines/checkpoints/ARNIQA_SNR/Biofilms/seed_789/best.pt,4cd321945690724272855bf41533c75201f96e36b8f2df65d71b7e0ef868560a,35,1.0581603629248484,1.9599282749763283,1.3999743836857617,0.8620260507197051,140,23512129,23512129,0,89.89471817016602,783.3222644329071,8.770217214311872,1.6513945854738206,cuda
ARNIQA_SNR,Biofilms,EPFL,cross-dataset,1024,/mnt/d/hscf/sota_iqa_baselines/checkpoints/ARNIQA_SNR/Biofilms/seed_1024/best.pt,e132e220c205f4722a38cc4bb52872f7f9d24d7ff4d82ac4f5e982739b1aa373,78,0.4866074826236062,0.3679103241777786,0.6065561179130737,-0.08696227619853869,2130,23512129,23512129,0,89.89471817016602,781.6452798843384,9.148600851426103,1.789281418211011,cuda
ARNIQA_SNR,Biofilms,NFFA,cross-dataset,1024,/mnt/d/hscf/sota_iqa_baselines/checkpoints/ARNIQA_SNR/Biofilms/seed_1024/best.pt,e132e220c205f4722a38cc4bb52872f7f9d24d7ff4d82ac4f5e982739b1aa373,78,0.9635390033376031,1.8560015719172995,1.3623514861875035,0.8449191044902113,1930,23512129,23512129,0,89.89471817016602,781.6452798843384,8.979770062500949,1.9489595528570773,cuda
ARNIQA_SNR,Biofilms,Biofilms,in-domain,1024,/mnt/d/hscf/sota_iqa_baselines/checkpoints/ARNIQA_SNR/Biofilms/seed_1024/best.pt,e132e220c205f4722a38cc4bb52872f7f9d24d7ff4d82ac4f5e982739b1aa373,78,1.0411792772156852,2.08997488416485,1.4456745429607765,0.8528711012813293,140,23512129,23512129,0,89.89471817016602,781.6452798843384,8.643749782017299,1.3843178426776028,cuda
TOPIQ_NR_SNR,EPFL,EPFL,in-domain,42,/mnt/d/hscf/sota_iqa_baselines/checkpoints/TOPIQ_NR_SNR/EPFL/seed_42/best.pt,e3b79c5ae3ab448d1430c1046c1ed2ec3acedf81c9cccf3a3b06fbd75bd53d73,99,0.06993268554759137,0.0076627570006726296,0.08753717496396962,0.9773609837940218,2130,45196934,45196934,0,172.61566162109375,16926.755773305893,12.2013550968797,4.3700429018456095,cuda
TOPIQ_NR_SNR,EPFL,NFFA,cross-dataset,42,/mnt/d/hscf/sota_iqa_baselines/checkpoints/TOPIQ_NR_SNR/EPFL/seed_42/best.pt,e3b79c5ae3ab448d1430c1046c1ed2ec3acedf81c9cccf3a3b06fbd75bd53d73,99,2.507478484094452,11.083949542260724,3.3292566050487493,0.07386456627651083,1930,45196934,45196934,0,172.61566162109375,16926.755773305893,11.952718551912456,1.5918441871081395,cuda
TOPIQ_NR_SNR,EPFL,Biofilms,cross-dataset,42,/mnt/d/hscf/sota_iqa_baselines/checkpoints/TOPIQ_NR_SNR/EPFL/seed_42/best.pt,e3b79c5ae3ab448d1430c1046c1ed2ec3acedf81c9cccf3a3b06fbd75bd53d73,99,4.719486548219408,31.777515439160872,5.637154906436479,-1.2370559981382616,140,45196934,45196934,0,172.61566162109375,16926.755773305893,11.741037028176445,1.7205753189702186,cuda
TOPIQ_NR_SNR,EPFL,EPFL,in-domain,123,/mnt/d/hscf/sota_iqa_baselines/checkpoints/TOPIQ_NR_SNR/EPFL/seed_123/best.pt,b15abe15a1aaeee1aa06310d2559740fb72ec82f1db7925a0132352ea7a57ec3,99,0.07241453475235773,0.008174505425207647,0.09041297155390728,0.975849063100802,2130,45196934,45196934,0,172.61566162109375,18701.98150920868,11.666871012656342,1.6158509451139849,cuda
TOPIQ_NR_SNR,EPFL,NFFA,cross-dataset,123,/mnt/d/hscf/sota_iqa_baselines/checkpoints/TOPIQ_NR_SNR/EPFL/seed_123/best.pt,b15abe15a1aaeee1aa06310d2559740fb72ec82f1db7925a0132352ea7a57ec3,99,2.4422665673834056,10.429270943993785,3.2294381777630896,0.12856718335751305,1930,45196934,45196934,0,172.61566162109375,18701.98150920868,12.018912814441741,1.7875196360844032,cuda
TOPIQ_NR_SNR,EPFL,Biofilms,cross-dataset,123,/mnt/d/hscf/sota_iqa_baselines/checkpoints/TOPIQ_NR_SNR/EPFL/seed_123/best.pt,b15abe15a1aaeee1aa06310d2559740fb72ec82f1db7925a0132352ea7a57ec3,99,4.524288087231772,28.987064612665453,5.3839636526137,-1.0406153805301064,140,45196934,45196934,0,172.61566162109375,18701.98150920868,11.502689974648613,1.6429535255574608,cuda
TOPIQ_NR_SNR,EPFL,EPFL,in-domain,456,/mnt/d/hscf/sota_iqa_baselines/checkpoints/TOPIQ_NR_SNR/EPFL/seed_456/best.pt,a04c48fd660d1a902c45dad3b83ff01bfdcd084b42a3ff9ddf3092ec31bafab8,76,0.0373442358813935,0.0022888499989091367,0.04784192720730569,0.9932377717036037,2130,45196934,45196934,0,172.61566162109375,18465.053817510605,11.854038104205065,1.6398508449719238,cuda
TOPIQ_NR_SNR,EPFL,NFFA,cross-dataset,456,/mnt/d/hscf/sota_iqa_baselines/checkpoints/TOPIQ_NR_SNR/EPFL/seed_456/best.pt,a04c48fd660d1a902c45dad3b83ff01bfdcd084b42a3ff9ddf3092ec31bafab8,76,2.453312932024348,10.488377913376757,3.238576525786716,0.12362841504962196,1930,45196934,45196934,0,172.61566162109375,18465.053817510605,12.241556360313929,1.7700719412755337,cuda
TOPIQ_NR_SNR,EPFL,Biofilms,cross-dataset,456,/mnt/d/hscf/sota_iqa_baselines/checkpoints/TOPIQ_NR_SNR/EPFL/seed_456/best.pt,a04c48fd660d1a902c45dad3b83ff01bfdcd084b42a3ff9ddf3092ec31bafab8,76,4.539158342565809,29.083982254901247,5.392956726592681,-1.047438135232377,140,45196934,45196934,0,172.61566162109375,18465.053817510605,11.858454772404261,1.9468443505274446,cuda
TOPIQ_NR_SNR,EPFL,EPFL,in-domain,789,/mnt/d/hscf/sota_iqa_baselines/checkpoints/TOPIQ_NR_SNR/EPFL/seed_789/best.pt,89c15078e1d4d5c31494edd3c56ecc9b5e87daab4acaea35fdb022fc13c85b81,92,0.03763816726039833,0.0022942006867696634,0.04789781505214683,0.9932219635148308,2130,45196934,45196934,0,172.61566162109375,18359.97097015381,12.445459791192427,1.7498884282395348,cuda
TOPIQ_NR_SNR,EPFL,NFFA,cross-dataset,789,/mnt/d/hscf/sota_iqa_baselines/checkpoints/TOPIQ_NR_SNR/EPFL/seed_789/best.pt,89c15078e1d4d5c31494edd3c56ecc9b5e87daab4acaea35fdb022fc13c85b81,92,2.3778185719653115,9.989205034498946,3.1605703653769437,0.16533752685312186,1930,45196934,45196934,0,172.61566162109375,18359.97097015381,12.275456270405666,1.7359175159766491,cuda
TOPIQ_NR_SNR,EPFL,Biofilms,cross-dataset,789,/mnt/d/hscf/sota_iqa_baselines/checkpoints/TOPIQ_NR_SNR/EPFL/seed_789/best.pt,89c15078e1d4d5c31494edd3c56ecc9b5e87daab4acaea35fdb022fc13c85b81,92,4.467173819882529,28.278287372942064,5.317733292761312,-0.9907192714871347,140,45196934,45196934,0,172.61566162109375,18359.97097015381,12.10383347102574,1.9293264609914467,cuda
TOPIQ_NR_SNR,EPFL,EPFL,in-domain,1024,/mnt/d/hscf/sota_iqa_baselines/checkpoints/TOPIQ_NR_SNR/EPFL/seed_1024/best.pt,e0f773be00807d622f829eda579555cf38ee98840cf365fa341dbc1146fd2e5e,60,0.036304201206690825,0.0021624888247940488,0.04650256793763167,0.9936110959090231,2130,45196934,45196934,0,172.61566162109375,18095.432301282883,12.572594091925822,1.7727405284975688,cuda
TOPIQ_NR_SNR,EPFL,NFFA,cross-dataset,1024,/mnt/d/hscf/sota_iqa_baselines/checkpoints/TOPIQ_NR_SNR/EPFL/seed_1024/best.pt,e0f773be00807d622f829eda579555cf38ee98840cf365fa341dbc1146fd2e5e,60,2.434473916656613,10.243816313409878,3.2005962434224466,0.14406311322231313,1930,45196934,45196934,0,172.61566162109375,18095.432301282883,12.506607159431734,1.832745949289047,cuda
TOPIQ_NR_SNR,EPFL,Biofilms,cross-dataset,1024,/mnt/d/hscf/sota_iqa_baselines/checkpoints/TOPIQ_NR_SNR/EPFL/seed_1024/best.pt,e0f773be00807d622f829eda579555cf38ee98840cf365fa341dbc1146fd2e5e,60,4.459150067397526,28.190443303045736,5.309467327618255,-0.984535273123931,140,45196934,45196934,0,172.61566162109375,18095.432301282883,13.203770773751396,2.31696698592527,cuda
TOPIQ_NR_SNR,NFFA,EPFL,cross-dataset,42,/mnt/d/hscf/sota_iqa_baselines/checkpoints/TOPIQ_NR_SNR/NFFA/seed_42/best.pt,d294b83b9ce3165582454a488abd95139a98f6e642e7999e1ddd7ccb4ef01088,41,1.1657348337307782,1.462724031066087,1.2094312841439512,-3.3215037409214556,2130,45196934,45196934,0,172.61566162109375,14954.961696863174,12.634688028147522,2.3831620313074198,cuda
TOPIQ_NR_SNR,NFFA,NFFA,in-domain,42,/mnt/d/hscf/sota_iqa_baselines/checkpoints/TOPIQ_NR_SNR/NFFA/seed_42/best.pt,d294b83b9ce3165582454a488abd95139a98f6e642e7999e1ddd7ccb4ef01088,41,0.9267502952733806,1.6180167394644585,1.2720128692212427,0.8648042713418793,1930,45196934,45196934,0,172.61566162109375,14954.961696863174,12.308422518517688,1.7508670806173432,cuda
TOPIQ_NR_SNR,NFFA,Biofilms,cross-dataset,42,/mnt/d/hscf/sota_iqa_baselines/checkpoints/TOPIQ_NR_SNR/NFFA/seed_42/best.pt,d294b83b9ce3165582454a488abd95139a98f6e642e7999e1ddd7ccb4ef01088,41,3.1412372146333967,15.681165427967784,3.959945129413763,-0.10391403146652034,140,45196934,45196934,0,172.61566162109375,14954.961696863174,12.678567000797816,1.9533711951163297,cuda
TOPIQ_NR_SNR,NFFA,EPFL,cross-dataset,123,/mnt/d/hscf/sota_iqa_baselines/checkpoints/TOPIQ_NR_SNR/NFFA/seed_123/best.pt,af70167b2c21e2b0369055f0da23908fde4112d30353f2ac167c5f6c67b24510,90,0.33690744677619755,0.15866934813865055,0.39833321244738124,0.5312238214538725,2130,45196934,45196934,0,172.61566162109375,15149.614659309387,12.841594499041777,1.8160831900135246,cuda
TOPIQ_NR_SNR,NFFA,NFFA,in-domain,123,/mnt/d/hscf/sota_iqa_baselines/checkpoints/TOPIQ_NR_SNR/NFFA/seed_123/best.pt,af70167b2c21e2b0369055f0da23908fde4112d30353f2ac167c5f6c67b24510,90,0.7834750515191666,1.280458063302306,1.1315732690826104,0.8930094747093784,1930,45196934,45196934,0,172.61566162109375,15149.614659309387,12.431222663642211,1.732270373743975,cuda
TOPIQ_NR_SNR,NFFA,Biofilms,cross-dataset,123,/mnt/d/hscf/sota_iqa_baselines/checkpoints/TOPIQ_NR_SNR/NFFA/seed_123/best.pt,af70167b2c21e2b0369055f0da23908fde4112d30353f2ac167c5f6c67b24510,90,1.467309776374272,4.160424180037043,2.039711788473323,0.7071167541537322,140,45196934,45196934,0,172.61566162109375,15149.614659309387,11.769536563328334,1.6285239325517142,cuda
TOPIQ_NR_SNR,NFFA,EPFL,cross-dataset,456,/mnt/d/hscf/sota_iqa_baselines/checkpoints/TOPIQ_NR_SNR/NFFA/seed_456/best.pt,6e8dea973c4c78c74a6983c13670b7af75b69648f8e6b8f58419ee380d0ed391,58,0.5956302145837058,0.4152951397283614,0.6444339684780446,-0.22695700747773295,2130,45196934,45196934,0,172.61566162109375,14856.532658815384,12.769012943679737,1.8356731673548645,cuda
TOPIQ_NR_SNR,NFFA,NFFA,in-domain,456,/mnt/d/hscf/sota_iqa_baselines/checkpoints/TOPIQ_NR_SNR/NFFA/seed_456/best.pt,6e8dea973c4c78c74a6983c13670b7af75b69648f8e6b8f58419ee380d0ed391,58,0.40606318916063855,0.34900864082754074,0.5907695327515974,0.9708380782758298,1930,45196934,45196934,0,172.61566162109375,14856.532658815384,12.986610343419208,1.7572373702281887,cuda
TOPIQ_NR_SNR,NFFA,Biofilms,cross-dataset,456,/mnt/d/hscf/sota_iqa_baselines/checkpoints/TOPIQ_NR_SNR/NFFA/seed_456/best.pt,6e8dea973c4c78c74a6983c13670b7af75b69648f8e6b8f58419ee380d0ed391,58,1.7488402894565038,4.669256237783872,2.1608461855911614,0.6712962757086232,140,45196934,45196934,0,172.61566162109375,14856.532658815384,11.99955769947597,2.0165068226583567,cuda
TOPIQ_NR_SNR,NFFA,EPFL,cross-dataset,789,/mnt/d/hscf/sota_iqa_baselines/checkpoints/TOPIQ_NR_SNR/NFFA/seed_789/best.pt,417db11dbb89199ff05486962931654a715055849d3cfb00274339218291e106,96,0.5739664418036949,0.36060389846961227,0.6005030378521097,-0.06537601292535467,2130,45196934,45196934,0,172.61566162109375,14984.193881511688,12.827628543119475,1.6337187674238831,cuda
TOPIQ_NR_SNR,NFFA,NFFA,in-domain,789,/mnt/d/hscf/sota_iqa_baselines/checkpoints/TOPIQ_NR_SNR/NFFA/seed_789/best.pt,417db11dbb89199ff05486962931654a715055849d3cfb00274339218291e106,96,0.3571133151573221,0.31518534975816054,0.5614137064217087,0.9736642322767173,1930,45196934,45196934,0,172.61566162109375,14984.193881511688,12.65218270257347,1.5049852809499202,cuda
TOPIQ_NR_SNR,NFFA,Biofilms,cross-dataset,789,/mnt/d/hscf/sota_iqa_baselines/checkpoints/TOPIQ_NR_SNR/NFFA/seed_789/best.pt,417db11dbb89199ff05486962931654a715055849d3cfb00274339218291e106,96,1.4215623446873256,3.3950681275092833,1.8425710644393836,0.7609958672422493,140,45196934,45196934,0,172.61566162109375,14984.193881511688,12.789126804896764,1.5845591377007986,cuda
TOPIQ_NR_SNR,NFFA,EPFL,cross-dataset,1024,/mnt/d/hscf/sota_iqa_baselines/checkpoints/TOPIQ_NR_SNR/NFFA/seed_1024/best.pt,eb99db085514beb907e65377d0d30bd9d4345290f604b3617d203749bbb76bfd,69,0.434249343334789,0.242250738825121,0.49218973864265086,0.2842891400979193,2130,45196934,45196934,0,172.61566162109375,14981.103300571442,12.896397863755205,1.532595617006187,cuda
TOPIQ_NR_SNR,NFFA,NFFA,in-domain,1024,/mnt/d/hscf/sota_iqa_baselines/checkpoints/TOPIQ_NR_SNR/NFFA/seed_1024/best.pt,eb99db085514beb907e65377d0d30bd9d4345290f604b3617d203749bbb76bfd,69,0.34967337692339806,0.2510185122608868,0.5010174770014383,0.9790257851825312,1930,45196934,45196934,0,172.61566162109375,14981.103300571442,12.305443521608343,1.7435115699389279,cuda
TOPIQ_NR_SNR,NFFA,Biofilms,cross-dataset,1024,/mnt/d/hscf/sota_iqa_baselines/checkpoints/TOPIQ_NR_SNR/NFFA/seed_1024/best.pt,eb99db085514beb907e65377d0d30bd9d4345290f604b3617d203749bbb76bfd,69,1.9701830778803144,6.316815806016117,2.5133276360268106,0.5553122862913136,140,45196934,45196934,0,172.61566162109375,14981.103300571442,13.479845864432198,2.1701696854950634,cuda
TOPIQ_NR_SNR,Biofilms,EPFL,cross-dataset,42,/mnt/d/hscf/sota_iqa_baselines/checkpoints/TOPIQ_NR_SNR/Biofilms/seed_42/best.pt,951bf0115c424c9b0d9b356e25275006e67fb7e73ce31347f528735090212bd4,67,0.7157446198620147,0.7612569513807952,0.8725004019373259,-1.2490741201516058,2130,45196934,45196934,0,172.61566162109375,1006.4272212982178,12.385175597499794,1.715693955572851,cuda
TOPIQ_NR_SNR,Biofilms,NFFA,cross-dataset,42,/mnt/d/hscf/sota_iqa_baselines/checkpoints/TOPIQ_NR_SNR/Biofilms/seed_42/best.pt,951bf0115c424c9b0d9b356e25275006e67fb7e73ce31347f528735090212bd4,67,1.5154559173732225,4.383852494655055,2.09376514792253,0.6337008648372953,1930,45196934,45196934,0,172.61566162109375,1006.4272212982178,12.63837196666342,1.920140629186681,cuda
TOPIQ_NR_SNR,Biofilms,Biofilms,in-domain,42,/mnt/d/hscf/sota_iqa_baselines/checkpoints/TOPIQ_NR_SNR/Biofilms/seed_42/best.pt,951bf0115c424c9b0d9b356e25275006e67fb7e73ce31347f528735090212bd4,67,0.8347680756023952,1.3831098030176003,1.1760568876621573,0.9026325992399217,140,45196934,45196934,0,172.61566162109375,1006.4272212982178,11.523815563746862,1.9807808247401189,cuda
TOPIQ_NR_SNR,Biofilms,EPFL,cross-dataset,123,/mnt/d/hscf/sota_iqa_baselines/checkpoints/TOPIQ_NR_SNR/Biofilms/seed_123/best.pt,e2bb4aaae27f7fb2f2bc5b651a0fc1c05485abd62d3dff04cfa11ab8ce2f80b7,14,1.1929350409709232,1.7603762340856004,1.3267917071212045,-4.200893893488262,2130,45196934,45196934,0,172.61566162109375,1015.1908588409424,12.389661000927848,1.702280462175947,cuda
TOPIQ_NR_SNR,Biofilms,NFFA,cross-dataset,123,/mnt/d/hscf/sota_iqa_baselines/checkpoints/TOPIQ_NR_SNR/Biofilms/seed_123/best.pt,e2bb4aaae27f7fb2f2bc5b651a0fc1c05485abd62d3dff04cfa11ab8ce2f80b7,14,1.8776650140940216,5.744926931886997,2.3968577204095776,0.5199743218347679,1930,45196934,45196934,0,172.61566162109375,1015.1908588409424,12.91084128957956,1.7908628246508191,cuda
TOPIQ_NR_SNR,Biofilms,Biofilms,in-domain,123,/mnt/d/hscf/sota_iqa_baselines/checkpoints/TOPIQ_NR_SNR/Biofilms/seed_123/best.pt,e2bb4aaae27f7fb2f2bc5b651a0fc1c05485abd62d3dff04cfa11ab8ce2f80b7,14,1.2261928234781538,3.033867858265315,1.741800177478839,0.786423444498513,140,45196934,45196934,0,172.61566162109375,1015.1908588409424,11.707162857055664,1.7827152963140438,cuda
TOPIQ_NR_SNR,Biofilms,EPFL,cross-dataset,456,/mnt/d/hscf/sota_iqa_baselines/checkpoints/TOPIQ_NR_SNR/Biofilms/seed_456/best.pt,547bd0d7d4bfe3d4faf44fd2d52fd8242a9c3555fa01118cd3755f198f8c618e,89,0.9282726323660551,1.1231562739491376,1.059790674590571,-2.318277362253377,2130,45196934,45196934,0,172.61566162109375,1006.6450159549713,12.660429063537311,1.7248403440378566,cuda
TOPIQ_NR_SNR,Biofilms,NFFA,cross-dataset,456,/mnt/d/hscf/sota_iqa_baselines/checkpoints/TOPIQ_NR_SNR/Biofilms/seed_456/best.pt,547bd0d7d4bfe3d4faf44fd2d52fd8242a9c3555fa01118cd3755f198f8c618e,89,1.6840778113646828,4.8968352901286485,2.212879411565088,0.5908378454805938,1930,45196934,45196934,0,172.61566162109375,1006.6450159549713,12.71534398429752,1.8611054994790306,cuda
TOPIQ_NR_SNR,Biofilms,Biofilms,in-domain,456,/mnt/d/hscf/sota_iqa_baselines/checkpoints/TOPIQ_NR_SNR/Biofilms/seed_456/best.pt,547bd0d7d4bfe3d4faf44fd2d52fd8242a9c3555fa01118cd3755f198f8c618e,89,0.8930736133030482,1.4028676683448023,1.1844271477574306,0.9012416959383327,140,45196934,45196934,0,172.61566162109375,1006.6450159549713,12.0856659752982,1.74039805583753,cuda
TOPIQ_NR_SNR,Biofilms,EPFL,cross-dataset,789,/mnt/d/hscf/sota_iqa_baselines/checkpoints/TOPIQ_NR_SNR/Biofilms/seed_789/best.pt,4d80a050d377dbade39b0e1874daf8f5fee19d6c58e696e45ed899dfd8706c5d,97,1.6076653583508702,2.8345489661192067,1.6836118810816247,-7.374453212463669,2130,45196934,45196934,0,172.61566162109375,1003.7034649848938,12.7699721027428,1.704098783778788,cuda
TOPIQ_NR_SNR,Biofilms,NFFA,cross-dataset,789,/mnt/d/hscf/sota_iqa_baselines/checkpoints/TOPIQ_NR_SNR/Biofilms/seed_789/best.pt,4d80a050d377dbade39b0e1874daf8f5fee19d6c58e696e45ed899dfd8706c5d,97,1.3367540455852764,3.361186131166072,1.8333537932341568,0.719151231829052,1930,45196934,45196934,0,172.61566162109375,1003.7034649848938,12.931828795319394,1.7966400795175745,cuda
TOPIQ_NR_SNR,Biofilms,Biofilms,in-domain,789,/mnt/d/hscf/sota_iqa_baselines/checkpoints/TOPIQ_NR_SNR/Biofilms/seed_789/best.pt,4d80a050d377dbade39b0e1874daf8f5fee19d6c58e696e45ed899dfd8706c5d,97,0.9892124738012041,2.05017249692628,1.4318423436001186,0.8556730877765522,140,45196934,45196934,0,172.61566162109375,1003.7034649848938,12.335201672145299,1.8569328363768445,cuda
TOPIQ_NR_SNR,Biofilms,EPFL,cross-dataset,1024,/mnt/d/hscf/sota_iqa_baselines/checkpoints/TOPIQ_NR_SNR/Biofilms/seed_1024/best.pt,52cd1930e3755acdba33041549a4468a90ab3f4ca7bc9656cf0f6ed43021df0a,7,1.1382471465168984,1.62059408215132,1.2730255622536886,-3.787918458841321,2130,45196934,45196934,0,172.61566162109375,1003.2732899188995,12.834965679007517,1.6709039015740106,cuda
TOPIQ_NR_SNR,Biofilms,NFFA,cross-dataset,1024,/mnt/d/hscf/sota_iqa_baselines/checkpoints/TOPIQ_NR_SNR/Biofilms/seed_1024/best.pt,52cd1930e3755acdba33041549a4468a90ab3f4ca7bc9656cf0f6ed43021df0a,7,1.3912571653800925,3.404867990130304,1.8452284384677968,0.7155013309301496,1930,45196934,45196934,0,172.61566162109375,1003.2732899188995,12.92773256647772,1.7234007050193927,cuda
TOPIQ_NR_SNR,Biofilms,Biofilms,in-domain,1024,/mnt/d/hscf/sota_iqa_baselines/checkpoints/TOPIQ_NR_SNR/Biofilms/seed_1024/best.pt,52cd1930e3755acdba33041549a4468a90ab3f4ca7bc9656cf0f6ed43021df0a,7,1.2661272815295628,3.282923111005889,1.8118838569306503,0.7688905902362649,140,45196934,45196934,0,172.61566162109375,1003.2732899188995,13.466097627367292,1.9323078153274045,cuda
