architecture,dataset,seed,path,sha256,file_size_mb
ARNIQA_SNR,Biofilms,42,sota_iqa_baselines/checkpoints/ARNIQA_SNR/Biofilms/seed_42/best.pt,28f7b44a9ea27e85ce270f939aa47a1dfb94e888237e55f3116e4fb5601342ec,89.97030925750732
ARNIQA_SNR,Biofilms,123,sota_iqa_baselines/checkpoints/ARNIQA_SNR/Biofilms/seed_123/best.pt,e76b903b6babfc7ebb37c768c1797e848357c88574b664a41038ab9d669e44fb,89.97030925750732
ARNIQA_SNR,Biofilms,456,sota_iqa_baselines/checkpoints/ARNIQA_SNR/Biofilms/seed_456/best.pt,1265d313c8b38b4d6aa5abdb505a6589d9950a442722500ecfdb0a389c1c8303,89.97030925750732
ARNIQA_SNR,Biofilms,789,sota_iqa_baselines/checkpoints/ARNIQA_SNR/Biofilms/seed_789/best.pt,4cd321945690724272855bf41533c75201f96e36b8f2df65d71b7e0ef868560a,89.97030925750732
ARNIQA_SNR,Biofilms,1024,sota_iqa_baselines/checkpoints/ARNIQA_SNR/Biofilms/seed_1024/best.pt,e132e220c205f4722a38cc4bb52872f7f9d24d7ff4d82ac4f5e982739b1aa373,89.97030925750732
ARNIQA_SNR,EPFL,42,sota_iqa_baselines/checkpoints/ARNIQA_SNR/EPFL/seed_42/best.pt,76ed4e8841ef258112091769ebf852fd75420bdaaffb450b90f03f75e88a12c1,89.97030925750732
ARNIQA_SNR,EPFL,123,sota_iqa_baselines/checkpoints/ARNIQA_SNR/EPFL/seed_123/best.pt,50241c71780083008d4ad5011449a98415d0c47687b55619d81d2c14f8423df4,89.97030925750732
ARNIQA_SNR,EPFL,456,sota_iqa_baselines/checkpoints/ARNIQA_SNR/EPFL/seed_456/best.pt,ee009771eb90b3dfe063af1d0354aa4394698a4fe6fb22c4620efd53e335edac,89.97030925750732
ARNIQA_SNR,EPFL,789,sota_iqa_baselines/checkpoints/ARNIQA_SNR/EPFL/seed_789/best.pt,9cedf1fe9ab795220fa86b4655446d06c6098891e322fb4516528a26527cb28b,89.97030925750732
ARNIQA_SNR,EPFL,1024,sota_iqa_baselines/checkpoints/ARNIQA_SNR/EPFL/seed_1024/best.pt,852fe029e025879fbf23f74a3faa0f8aedb2bc31976a492cf378f09a2815b74c,89.97030925750732
ARNIQA_SNR,NFFA,42,sota_iqa_baselines/checkpoints/ARNIQA_SNR/NFFA/seed_42/best.pt,96799cd73da84c03a50dad96b5a5dfa4402501ad87d42e35ba6d6cb247e80bb3,89.97030925750732
ARNIQA_SNR,NFFA,123,sota_iqa_baselines/checkpoints/ARNIQA_SNR/NFFA/seed_123/best.pt,f913b35c629c0ef3424e7b519679ded76820f9a5eabdc9fd5adf6a87cbefa968,89.97030925750732
ARNIQA_SNR,NFFA,456,sota_iqa_baselines/checkpoints/ARNIQA_SNR/NFFA/seed_456/best.pt,757b38712df38cad02ed2911cf0d71a8620efe8977a2cd984e2253a8dc6a6eb9,89.97030925750732
ARNIQA_SNR,NFFA,789,sota_iqa_baselines/checkpoints/ARNIQA_SNR/NFFA/seed_789/best.pt,1687f171d706494f999d2d57bad560b740fdbae8aa600e10a4486f85d09403a3,89.97030925750732
ARNIQA_SNR,NFFA,1024,sota_iqa_baselines/checkpoints/ARNIQA_SNR/NFFA/seed_1024/best.pt,fdb7f270040431d005a2c7ba2b15a3d785e59fa7ddffb220e946c1f95de59d07,89.97030925750732
CNN_KAN,Biofilms,42,extracted_dataset/downloaded_models/Biofilms/CNN_KAN/CNN_KAN_seed42.pth,49b0f83baf1a94993765be72b7fa7d6ef6ae517d039768c80c35b41d66903dc7,0.27364063262939453
CNN_KAN,Biofilms,123,extracted_dataset/downloaded_models/Biofilms/CNN_KAN/CNN_KAN_seed123.pth,1d33fd76221cd6e9d7756bd2be3ad19b1b173f70aa41fcc4482c062e56f01f1e,0.2736635208129883
CNN_KAN,Biofilms,456,extracted_dataset/downloaded_models/Biofilms/CNN_KAN/CNN_KAN_seed456.pth,d87363e7e3a832975e6ba6c06dc26d723d079a6a50f4f3b95f9a10201d1c7f7d,0.2736635208129883
CNN_KAN,Biofilms,789,extracted_dataset/downloaded_models/Biofilms/CNN_KAN/CNN_KAN_seed789.pth,ce4e93b2d5b685ff4e5fad81514878863f712003e944134c2e844382f5afa12b,0.2736635208129883
CNN_KAN,Biofilms,1024,extracted_dataset/downloaded_models/Biofilms/CNN_KAN/CNN_KAN_seed1024.pth,c3a2b0883d338f23c83cfa62b1a895f1b9fdbe640201c15df1bf7dd792ba8020,0.27368640899658203
CNN_KAN,EPFL,42,extracted_dataset/downloaded_models/EPFL/CNN_KAN/CNN_KAN_seed42.pth,28f1e8529b93129fdb58f9300709a1c4947b62582b08741a6ede8a179bc47edc,0.27364063262939453
CNN_KAN,EPFL,123,extracted_dataset/downloaded_models/EPFL/CNN_KAN/CNN_KAN_seed123.pth,ec3c1b5b0bd8f5e0765b1678ce15eb0061dd1d8ae5ac1794304c9787dd198112,0.2736635208129883
CNN_KAN,EPFL,456,extracted_dataset/downloaded_models/EPFL/CNN_KAN/CNN_KAN_seed456.pth,dfae88cae10e4449fe74944ef1eb4fb01ecb7d39224bfe66532631768d03cd00,0.2736635208129883
CNN_KAN,EPFL,789,extracted_dataset/downloaded_models/EPFL/CNN_KAN/CNN_KAN_seed789.pth,4ce74e8dc3a4f9a6f1af752d49a0c6ef82119d102eed2a22f6e1cde4f8330ce7,0.2736635208129883
CNN_KAN,EPFL,1024,extracted_dataset/downloaded_models/EPFL/CNN_KAN/CNN_KAN_seed1024.pth,caa9aa7902ab417676b35561e5b15268df74d81adf857c0a246785afb8296051,0.27368640899658203
CNN_KAN,NFFA,42,extracted_dataset/downloaded_models/NFFA/CNN_KAN/CNN_KAN_seed42.pth,8a5ccd5219784f02f7b2efa822042b0afde16a76c638ef116bef6dcba44984d4,0.27364063262939453
CNN_KAN,NFFA,123,extracted_dataset/downloaded_models/NFFA/CNN_KAN/CNN_KAN_seed123.pth,9d8512192c283e857e1ef6aac879b98cab27e5917fcff28d29f0b646df7275c5,0.2736635208129883
CNN_KAN,NFFA,456,extracted_dataset/downloaded_models/NFFA/CNN_KAN/CNN_KAN_seed456.pth,8cd547548a375fbbfaeac28285ad21b3d1e4b7cd7af88a56ee86d406b8fa2e76,0.2736635208129883
CNN_KAN,NFFA,789,extracted_dataset/downloaded_models/NFFA/CNN_KAN/CNN_KAN_seed789.pth,30332c8966cf61b19c4a987ff2690ca3301cf01ac3020ececf206d5d27d853a0,0.2736635208129883
CNN_KAN,NFFA,1024,extracted_dataset/downloaded_models/NFFA/CNN_KAN/CNN_KAN_seed1024.pth,8a761273d7911fd78777f877de692046f726acbbae4da91cbeca1d4adb6c1602,0.27368640899658203
CNN_KAN_Local,Biofilms,42,extracted_dataset/downloaded_models/Biofilms/CNN_KAN_Local/CNN_KAN_Local_seed42.pth,25ed0f19203f88452fca58979bd57d53dc95db6fab35d37e5930b80ecf95a6f4,0.28482532501220703
CNN_KAN_Local,Biofilms,123,extracted_dataset/downloaded_models/Biofilms/CNN_KAN_Local/CNN_KAN_Local_seed123.pth,e70de3a634bbbbf0aa377e920f355c9d3d9b2a7a624e8e2c61ef7d8c2d69e646,0.2848482131958008
CNN_KAN_Local,Biofilms,456,extracted_dataset/downloaded_models/Biofilms/CNN_KAN_Local/CNN_KAN_Local_seed456.pth,7e2c245ef05c45b66bc51c9b16664c6476c49aad36cc2a44e72fae31c9f503d7,0.2848482131958008
CNN_KAN_Local,Biofilms,789,extracted_dataset/downloaded_models/Biofilms/CNN_KAN_Local/CNN_KAN_Local_seed789.pth,c237a65890747a0d382e8ad5ce5782a35073985b6a1f2d013e36ff42da757cdb,0.2848482131958008
CNN_KAN_Local,Biofilms,1024,extracted_dataset/downloaded_models/Biofilms/CNN_KAN_Local/CNN_KAN_Local_seed1024.pth,b60f285d7a3685dae788fd03932e92897d3cda5ee1217d32058d3f8d7cc1e9a1,0.28493213653564453
CNN_KAN_Local,EPFL,42,extracted_dataset/downloaded_models/EPFL/CNN_KAN_Local/CNN_KAN_Local_seed42.pth,15eea635daee4338c02990d640b9eb7d6b63933dd45081398a6a35697853fdee,0.28482532501220703
CNN_KAN_Local,EPFL,123,extracted_dataset/downloaded_models/EPFL/CNN_KAN_Local/CNN_KAN_Local_seed123.pth,0d9c65df0dbd18529ad9b851fa1aefb38f749e44682204228f635484d8e1993e,0.2848482131958008
CNN_KAN_Local,EPFL,456,extracted_dataset/downloaded_models/EPFL/CNN_KAN_Local/CNN_KAN_Local_seed456.pth,97e0db3d101747ec24a83e0f4685d06fd7d4bd68709dae1f495cacc9e481d8e4,0.2848482131958008
CNN_KAN_Local,EPFL,789,extracted_dataset/downloaded_models/EPFL/CNN_KAN_Local/CNN_KAN_Local_seed789.pth,de541e1bfa310f8af6ae760cb1e2d3f1ca91a3956ce9588f6a395c52e6080e27,0.2848482131958008
CNN_KAN_Local,EPFL,1024,extracted_dataset/downloaded_models/EPFL/CNN_KAN_Local/CNN_KAN_Local_seed1024.pth,67eec16506276d2cf1428a405e809861c7ac942e967450d7a82a7d453f60552e,0.28493213653564453
CNN_KAN_Local,NFFA,42,extracted_dataset/downloaded_models/NFFA/CNN_KAN_Local/CNN_KAN_Local_seed42.pth,7f6611d241d4419dd55345da017b64e48b128231c41f9b8e97b18b17cb3a2bcf,0.28482532501220703
CNN_KAN_Local,NFFA,123,extracted_dataset/downloaded_models/NFFA/CNN_KAN_Local/CNN_KAN_Local_seed123.pth,f1fc5fbcaab5833d672511c0425aad0534d6feb0f25ccd86a047e4307cf92549,0.2848482131958008
CNN_KAN_Local,NFFA,456,extracted_dataset/downloaded_models/NFFA/CNN_KAN_Local/CNN_KAN_Local_seed456.pth,a13d88a613b22120bd251fd29393de9a6e229b7d577784fc38b24d78e5f2e1e8,0.2848482131958008
CNN_KAN_Local,NFFA,789,extracted_dataset/downloaded_models/NFFA/CNN_KAN_Local/CNN_KAN_Local_seed789.pth,be496c2f401cb704d5e98665262cf6c671d22ba30d094823be01b44fbf239f13,0.2848482131958008
CNN_KAN_Local,NFFA,1024,extracted_dataset/downloaded_models/NFFA/CNN_KAN_Local/CNN_KAN_Local_seed1024.pth,5db5c99db20959c662d64f0ab650a2fb8b689d1763676c5e4cbfa89b186e0973,0.28493213653564453
CNN_KAN_PSD,Biofilms,42,extracted_dataset/downloaded_models/Biofilms/CNN_KAN_PSD/CNN_KAN_PSD_seed42.pth,6fbab476e2a089451b038e8a07c5a35488af0759d370f5935a0b22154a097337,0.28477954864501953
CNN_KAN_PSD,Biofilms,123,extracted_dataset/downloaded_models/Biofilms/CNN_KAN_PSD/CNN_KAN_PSD_seed123.pth,671d90818f7fe3662d230dd72229f5bc1c7a6bf109297a9f74b8e0b2f7f96d5b,0.2848024368286133
CNN_KAN_PSD,Biofilms,456,extracted_dataset/downloaded_models/Biofilms/CNN_KAN_PSD/CNN_KAN_PSD_seed456.pth,4f69fa1b0edeea19a9032c4be34d5d3d06583a90f99b982349fbd4c4929ffd09,0.2848024368286133
CNN_KAN_PSD,Biofilms,789,extracted_dataset/downloaded_models/Biofilms/CNN_KAN_PSD/CNN_KAN_PSD_seed789.pth,d12c7004d930772ecfb2cb8960247b14adf36c467abc06ce937e258393449684,0.2848024368286133
CNN_KAN_PSD,Biofilms,1024,extracted_dataset/downloaded_models/Biofilms/CNN_KAN_PSD/CNN_KAN_PSD_seed1024.pth,311b1c547bd7e03968087d5b134c7d129a5cf0de36538a9822bf0d6d8f48f579,0.28482532501220703
CNN_KAN_PSD,EPFL,42,extracted_dataset/downloaded_models/EPFL/CNN_KAN_PSD/CNN_KAN_PSD_seed42.pth,b88a27a5740530759c62377b4727fba62f05403534d76f8b347cbd86ccb8f7aa,0.28477954864501953
CNN_KAN_PSD,EPFL,123,extracted_dataset/downloaded_models/EPFL/CNN_KAN_PSD/CNN_KAN_PSD_seed123.pth,d407a18196c1386818c6037ee93cfb068aeeeecfe87939642204c8df0442370f,0.2848024368286133
CNN_KAN_PSD,EPFL,456,extracted_dataset/downloaded_models/EPFL/CNN_KAN_PSD/CNN_KAN_PSD_seed456.pth,81149dfcca17c9f66ee1d75156e645b04e895804d25ec9c00a00a419166a5a7e,0.2848024368286133
CNN_KAN_PSD,EPFL,789,extracted_dataset/downloaded_models/EPFL/CNN_KAN_PSD/CNN_KAN_PSD_seed789.pth,33068538e59eb5d45f1077a05885aa9ce7b163b7f79a1e11c8ea0aa7268c88c3,0.2848024368286133
CNN_KAN_PSD,EPFL,1024,extracted_dataset/downloaded_models/EPFL/CNN_KAN_PSD/CNN_KAN_PSD_seed1024.pth,62a2d321b16c5570ad447d031c112ddab6c5ea805699b06c6ccd114711e25ab6,0.28482532501220703
CNN_KAN_PSD,NFFA,42,extracted_dataset/downloaded_models/NFFA/CNN_KAN_PSD/CNN_KAN_PSD_seed42.pth,05334fe8a0d27752818321d82acfa76bfe7e1b9f6e4c85bfad26320624e11234,0.28477954864501953
CNN_KAN_PSD,NFFA,123,extracted_dataset/downloaded_models/NFFA/CNN_KAN_PSD/CNN_KAN_PSD_seed123.pth,29cd13e213e2a99f52b48726df2e4e7d09411b40411f9137547df76cf8be121c,0.2848024368286133
CNN_KAN_PSD,NFFA,456,extracted_dataset/downloaded_models/NFFA/CNN_KAN_PSD/CNN_KAN_PSD_seed456.pth,0a8d3ade1f9069954ff2b6a654d8fb45a23bbcf47adf2d9fbba8b646c38ce54a,0.2848024368286133
CNN_KAN_PSD,NFFA,789,extracted_dataset/downloaded_models/NFFA/CNN_KAN_PSD/CNN_KAN_PSD_seed789.pth,e279349c4e0704dd1fea292b3dbc1faa9615bb95acee7083bfbcc67a3f272ff4,0.2848024368286133
CNN_KAN_PSD,NFFA,1024,extracted_dataset/downloaded_models/NFFA/CNN_KAN_PSD/CNN_KAN_PSD_seed1024.pth,970e6ed79813986c8d57e6458be52962617dc17850726f5d97d60a61e9e1415d,0.28482532501220703
CNN_MLP,Biofilms,42,extracted_dataset/downloaded_models/Biofilms/CNN_MLP/CNN_MLP_seed42.pth,0d96435ddd3486dc48e5dfc268f2f911c08079aad925c902d23dd205ccf9c12c,0.1053628921508789
CNN_MLP,Biofilms,123,extracted_dataset/downloaded_models/Biofilms/CNN_MLP/CNN_MLP_seed123.pth,b9fbd34d4f93be3dd8b9f4c66f3ccef086e251a7a63148f9c2ca06dfdeeca477,0.10538482666015625
CNN_MLP,Biofilms,456,extracted_dataset/downloaded_models/Biofilms/CNN_MLP/CNN_MLP_seed456.pth,1114278b8fbad523b089f5845b94f9df0d92c7756b1a450fcfafe6d35a99308c,0.10538482666015625
CNN_MLP,Biofilms,789,extracted_dataset/downloaded_models/Biofilms/CNN_MLP/CNN_MLP_seed789.pth,00e749ed6e90aa3c8ab639475ce8706b98a68814ecf0a03d6412b5f8fbb26576,0.10538482666015625
CNN_MLP,Biofilms,1024,extracted_dataset/downloaded_models/Biofilms/CNN_MLP/CNN_MLP_seed1024.pth,434b8a1baa696894fd6b7da9b300ae434a12d0d6f104135785639495ff8f9d92,0.1054067611694336
CNN_MLP,EPFL,42,extracted_dataset/downloaded_models/EPFL/CNN_MLP/CNN_MLP_seed42.pth,eb4163796e25e6aefd0a701fff0b67c7ba8dbca3a4733e8ebd4d773157b62440,0.1053628921508789
CNN_MLP,EPFL,123,extracted_dataset/downloaded_models/EPFL/CNN_MLP/CNN_MLP_seed123.pth,c8bf101b4592a984156ca2b4544411a143237f4a86849542687837075fa55abe,0.10538482666015625
CNN_MLP,EPFL,456,extracted_dataset/downloaded_models/EPFL/CNN_MLP/CNN_MLP_seed456.pth,42ccdbb97a25f27c0973439b66e0b4be94dfb1f1fb2115e9dc52dfe61e3b2889,0.10538482666015625
CNN_MLP,EPFL,789,extracted_dataset/downloaded_models/EPFL/CNN_MLP/CNN_MLP_seed789.pth,68b00ad58b94f156d0d204694be96c4e6a1c64645365c460cd305c1dc26c217e,0.10538482666015625
CNN_MLP,EPFL,1024,extracted_dataset/downloaded_models/EPFL/CNN_MLP/CNN_MLP_seed1024.pth,095cdbbff54ca7aa11906db400a835f5c7460448ba06f8cbb90d5a4cc77a4e68,0.1054067611694336
CNN_MLP,NFFA,42,extracted_dataset/downloaded_models/NFFA/CNN_MLP/CNN_MLP_seed42.pth,59c6c38e152c2ad89334a060db27fcc8a424458c0e447863ade2f69386f35c9a,0.1053628921508789
CNN_MLP,NFFA,123,extracted_dataset/downloaded_models/NFFA/CNN_MLP/CNN_MLP_seed123.pth,a03beb582ad7c8cc415308cf114f8bd9f7b0071654c9bfcc62e6bc271c599f0d,0.10538482666015625
CNN_MLP,NFFA,456,extracted_dataset/downloaded_models/NFFA/CNN_MLP/CNN_MLP_seed456.pth,8636be4f8a8b2221fef3937a099de002de15b360d5c29b6ce85328ed7e9c1b8d,0.10538482666015625
CNN_MLP,NFFA,789,extracted_dataset/downloaded_models/NFFA/CNN_MLP/CNN_MLP_seed789.pth,e15b0c1b9ff8d0b481390e0c26d010a81417b5b5c176432daffac2ee6e88ce22,0.10538482666015625
CNN_MLP,NFFA,1024,extracted_dataset/downloaded_models/NFFA/CNN_MLP/CNN_MLP_seed1024.pth,f75a0e68ae103cf50105ccbc566387b776d0c1f2974f955ec5c2d2a0f7b4420e,0.1054067611694336
CNN_RF,Biofilms,42,extracted_dataset/downloaded_models/Biofilms/CNN_RF/CNN_RF_seed42.pth,f9e3b9f0afc6f5782ced3c526a1e61d509e53cbb423d2549b3775366587edaf6,7.368812561035156
CNN_RF,Biofilms,123,extracted_dataset/downloaded_models/Biofilms/CNN_RF/CNN_RF_seed123.pth,3e63ef3631bdab98a2d9ef841c8899e455f76781ae1e8a24e536593cbc659c83,7.405632972717285
CNN_RF,Biofilms,456,extracted_dataset/downloaded_models/Biofilms/CNN_RF/CNN_RF_seed456.pth,ca220a6470de03bc06937a9aa96704a91f5b489402517b7f066fcd561da195a8,7.394036293029785
CNN_RF,Biofilms,789,extracted_dataset/downloaded_models/Biofilms/CNN_RF/CNN_RF_seed789.pth,1127b0400f0aef4a88c26bfd8276b2c6d6fbb3fb9ad0e158cd84a7ba2b81d979,7.381707191467285
CNN_RF,Biofilms,1024,extracted_dataset/downloaded_models/Biofilms/CNN_RF/CNN_RF_seed1024.pth,d12e66a7386a045e87ed61c9e3a2c6d03feff36bd22d07c6bfdfc422e9a9fd38,7.360727310180664
CNN_RF,EPFL,42,extracted_dataset/downloaded_models/EPFL/CNN_RF/CNN_RF_seed42.pth,7b03dfb42dd7f2e0222be5994305a516b5dcc70d7d546061ffc39b172019e142,115.13516998291016
CNN_RF,EPFL,123,extracted_dataset/downloaded_models/EPFL/CNN_RF/CNN_RF_seed123.pth,f75fb8a5264a5a9ca6b9a2cd8f998ee93f9297b686e7f3c474c0d8792a84dd36,115.09435367584229
CNN_RF,EPFL,456,extracted_dataset/downloaded_models/EPFL/CNN_RF/CNN_RF_seed456.pth,87c91c41495691f929308723180e4094c53d0e1d1ebfb9bc3e3d2fcca456c3ac,115.25243473052979
CNN_RF,EPFL,789,extracted_dataset/downloaded_models/EPFL/CNN_RF/CNN_RF_seed789.pth,b6bb3b97fc20b0916e58098b3f3dbd959d4b00e0fed6ef1b9824d15eda445757,115.11577701568604
CNN_RF,EPFL,1024,extracted_dataset/downloaded_models/EPFL/CNN_RF/CNN_RF_seed1024.pth,6a0effde68acd497c5c5e630b16fed961adcfa21c69ca9160c5f4463ea519153,115.10328102111816
CNN_RF,NFFA,42,extracted_dataset/downloaded_models/NFFA/CNN_RF/CNN_RF_seed42.pth,59d76a37dacdb7053b7da5354f6ed06617c9a88bed4045aa14982e703efdae15,104.1929702758789
CNN_RF,NFFA,123,extracted_dataset/downloaded_models/NFFA/CNN_RF/CNN_RF_seed123.pth,708efe1fab0a20c5807852ac092f7eb669c0009b153346ad9b15fb7aa2b5066c,104.17961978912354
CNN_RF,NFFA,456,extracted_dataset/downloaded_models/NFFA/CNN_RF/CNN_RF_seed456.pth,e5b9d3f66637fef295f7daab2057f3f1e3754264db61bd8a318cb2d9a414c3aa,104.30541324615479
CNN_RF,NFFA,789,extracted_dataset/downloaded_models/NFFA/CNN_RF/CNN_RF_seed789.pth,54a7f31a1e5b026fa1f93b3039b78cdb9c9f27fe5af4461d8559f35da4f7a1a6,104.18700504302979
CNN_RF,NFFA,1024,extracted_dataset/downloaded_models/NFFA/CNN_RF/CNN_RF_seed1024.pth,bdc2c0c07cc302d060bb18ca7500b36047d0dfd442b6d11562d5aece58af1ab7,104.23261451721191
CalibNet,Biofilms,42,extracted_dataset/downloaded_models/Biofilms/CalibNet/CalibNet_seed42.pth,dd29ddea1f7e8e13c513b5c0ce12d1f8a50890a6ce0c3eeddd80d290a0247fca,0.34381580352783203
CalibNet,Biofilms,123,extracted_dataset/downloaded_models/Biofilms/CalibNet/CalibNet_seed123.pth,c073b776cd59619d737e0d4dd7c3d7f05207f56d2d636af62a0f802c91ed0198,0.34383106231689453
CalibNet,Biofilms,456,extracted_dataset/downloaded_models/Biofilms/CalibNet/CalibNet_seed456.pth,ad75b052c35b03a56f7515c5dd4b8dbcf7a8cbd74457fd18425939263ef91653,0.34383106231689453
CalibNet,Biofilms,789,extracted_dataset/downloaded_models/Biofilms/CalibNet/CalibNet_seed789.pth,e15f02f45bc214d1f61c6cc0b6ec01abacd753e2c48c7f6312e7d53539274064,0.34383106231689453
CalibNet,Biofilms,1024,extracted_dataset/downloaded_models/Biofilms/CalibNet/CalibNet_seed1024.pth,37fa42de78396f877e812ae6ffb376dd950eb3dca798256bd87696aa497a7e64,0.34384632110595703
CalibNet,EPFL,42,extracted_dataset/downloaded_models/EPFL/CalibNet/CalibNet_seed42.pth,42e28ef8b346744e8b4861666c76a0a45d2841d8e5e0796b0aabe0d752239dd3,0.34381580352783203
CalibNet,EPFL,123,extracted_dataset/downloaded_models/EPFL/CalibNet/CalibNet_seed123.pth,b207ac568de2d62e2da0528f2991e63ff0ef9b910e5942539526a9be79bd10b8,0.34383106231689453
CalibNet,EPFL,456,extracted_dataset/downloaded_models/EPFL/CalibNet/CalibNet_seed456.pth,15df6673a6952961067a47ee5070dd519ec5e08dc0949c7a34d1793de32dbd9b,0.34383106231689453
CalibNet,EPFL,789,extracted_dataset/downloaded_models/EPFL/CalibNet/CalibNet_seed789.pth,8cba045d820448ff44ed1b15fef6e18f1eb22944bcc16ff66b37ecf4f112e518,0.34383106231689453
CalibNet,EPFL,1024,extracted_dataset/downloaded_models/EPFL/CalibNet/CalibNet_seed1024.pth,5f35c85232c7ba27838843503b1fe8e35dc5e250d1f889659e3ab8c63bf7edc5,0.34384632110595703
CalibNet,NFFA,42,extracted_dataset/downloaded_models/NFFA/CalibNet/CalibNet_seed42.pth,422f756c45498208ef6ad3703ec4703cd01100c3ccd65c3733b6ead3e9a9e92b,0.34369373321533203
CalibNet,NFFA,123,extracted_dataset/downloaded_models/NFFA/CalibNet/CalibNet_seed123.pth,f28639706acae007c4b2cddc296d1f4647dbab36a46bdcf58b1101ac25a4214e,0.34370899200439453
CalibNet,NFFA,456,extracted_dataset/downloaded_models/NFFA/CalibNet/CalibNet_seed456.pth,2664992873234bbefbd38e5f56eb9053a7d485dcf821d076686ee20bb45fb101,0.34370899200439453
CalibNet,NFFA,789,extracted_dataset/downloaded_models/NFFA/CalibNet/CalibNet_seed789.pth,b0c751471247b5ddeb914e40fe4468daadb25367ae5c52d3e3d1bc1af39d0fe8,0.34370899200439453
CalibNet,NFFA,1024,extracted_dataset/downloaded_models/NFFA/CalibNet/CalibNet_seed1024.pth,35d5790eff2af9277386c5acbe58b9913b7a3b3d41d1645f0fbb606a693d8dce,0.34384632110595703
ConvNextTinyRegression,Biofilms,42,extracted_dataset/downloaded_models/Biofilms/ConvNextTinyRegression/ConvNextTinyRegression_seed42.pth,c80353ac2d126ad7f181d1257d24d1caed13104249fabfcf6d2d556e94909bb4,106.19005870819092
ConvNextTinyRegression,Biofilms,123,extracted_dataset/downloaded_models/Biofilms/ConvNextTinyRegression/ConvNextTinyRegression_seed123.pth,83afd4c8c50e24d5b570e04df3bf5bcb2b49ad9a818984cc6b4593cb6514df5d,106.1902379989624
ConvNextTinyRegression,Biofilms,456,extracted_dataset/downloaded_models/Biofilms/ConvNextTinyRegression/ConvNextTinyRegression_seed456.pth,aba5201146d7c0dcdfb87101887c5f628c9a507e4bd26d5a45ab2481d2aded26,106.1902379989624
ConvNextTinyRegression,Biofilms,789,extracted_dataset/downloaded_models/Biofilms/ConvNextTinyRegression/ConvNextTinyRegression_seed789.pth,f482e32cbda6e3d61569a1567dfed709f5324991fd573143df35bf2fb1d6573b,106.1902379989624
ConvNextTinyRegression,Biofilms,1024,extracted_dataset/downloaded_models/Biofilms/ConvNextTinyRegression/ConvNextTinyRegression_seed1024.pth,75c0f262a889f6b29d0fc5af8e77a08f6af240367217f9057d84505bf03a041c,106.19041728973389
ConvNextTinyRegression,EPFL,42,extracted_dataset/downloaded_models/EPFL/ConvNextTinyRegression/ConvNextTinyRegression_seed42.pth,db06740481105a332b2f7302f0233957f455acdeb9e7d9ca68453d3e2d24b2eb,106.19005870819092
ConvNextTinyRegression,EPFL,123,extracted_dataset/downloaded_models/EPFL/ConvNextTinyRegression/ConvNextTinyRegression_seed123.pth,16a2b4a17b220ad96d7c7525cf37916b7817daf366d1ce3e93bf896803db9004,106.1902379989624
ConvNextTinyRegression,EPFL,456,extracted_dataset/downloaded_models/EPFL/ConvNextTinyRegression/ConvNextTinyRegression_seed456.pth,71d4ad86ce19077b21eb3cf39ffc505fc97e0da6a5c5e72d8a55396fec6a4b6f,106.1902379989624
ConvNextTinyRegression,EPFL,789,extracted_dataset/downloaded_models/EPFL/ConvNextTinyRegression/ConvNextTinyRegression_seed789.pth,4632fc28293192c9e14ccf2285c72ba705334d19adb8fcabd4d88ab4bd0e4e75,106.1902379989624
ConvNextTinyRegression,EPFL,1024,extracted_dataset/downloaded_models/EPFL/ConvNextTinyRegression/ConvNextTinyRegression_seed1024.pth,ef2723153169bebdf0463d54fb672057c2a2f418d9492b5aa7df7d6e10415606,106.19041728973389
ConvNextTinyRegression,NFFA,42,extracted_dataset/downloaded_models/NFFA/ConvNextTinyRegression/ConvNextTinyRegression_seed42.pth,956318e16da9b55387f71cebbf0165f72c3eb3a5c8c33233774e75000e6fcbc2,106.19005870819092
ConvNextTinyRegression,NFFA,123,extracted_dataset/downloaded_models/NFFA/ConvNextTinyRegression/ConvNextTinyRegression_seed123.pth,48a3b4d158d00e4e035011d7745edf6063f1f71e7935728cc80bbceb8aee70a2,106.1902379989624
ConvNextTinyRegression,NFFA,456,extracted_dataset/downloaded_models/NFFA/ConvNextTinyRegression/ConvNextTinyRegression_seed456.pth,917be0287519dacaca3c96cfa42be691ee39429deba7bd214959634117cd5fea,106.1902379989624
ConvNextTinyRegression,NFFA,789,extracted_dataset/downloaded_models/NFFA/ConvNextTinyRegression/ConvNextTinyRegression_seed789.pth,a86734a418fc86696213c21eff2d39643493d315a3501de45bc1969dc6b1eb31,106.1902379989624
ConvNextTinyRegression,NFFA,1024,extracted_dataset/downloaded_models/NFFA/ConvNextTinyRegression/ConvNextTinyRegression_seed1024.pth,0b5919a70a03151ea7c0819cfb840e2bb437e3cc5d1a6934c81f05336f3b90e5,106.19041728973389
ResNeXt50Regression,Biofilms,42,extracted_dataset/downloaded_models/Biofilms/ResNeXt50Regression/ResNeXt50Regression_seed42.pth,d06f7ca9240543d220ea99af5ab71828b6b5e902d109e3cdd5ac6bb62b9bcc8a,88.1174898147583
ResNeXt50Regression,Biofilms,123,extracted_dataset/downloaded_models/Biofilms/ResNeXt50Regression/ResNeXt50Regression_seed123.pth,77191b4a1ad88f039f4583e60e05631b9964e10ce9daada69620447fb30509e3,88.11781215667725
ResNeXt50Regression,Biofilms,456,extracted_dataset/downloaded_models/Biofilms/ResNeXt50Regression/ResNeXt50Regression_seed456.pth,858fd4c2933ca53ed1879b3a79ad3b1dd2d3b84fd3e1e227dc7f6db7f3cd5c87,88.11781215667725
ResNeXt50Regression,Biofilms,789,extracted_dataset/downloaded_models/Biofilms/ResNeXt50Regression/ResNeXt50Regression_seed789.pth,ffed8cffeaa2754e697aebcdee8ee4a3e5c75bb42f2b2ee55751b87dc4f04400,88.11781215667725
ResNeXt50Regression,Biofilms,1024,extracted_dataset/downloaded_models/Biofilms/ResNeXt50Regression/ResNeXt50Regression_seed1024.pth,fad7ecf5d282ac0497d057777217d2179667fadff017c8d4e7a17a44a5edb17f,88.11813449859619
ResNeXt50Regression,EPFL,42,extracted_dataset/downloaded_models/EPFL/ResNeXt50Regression/ResNeXt50Regression_seed42.pth,0f1a788698912e99ae8aab07966e9e5bf8fb9593bf9c02ffe4fc9eaae5db215e,88.1174898147583
ResNeXt50Regression,EPFL,123,extracted_dataset/downloaded_models/EPFL/ResNeXt50Regression/ResNeXt50Regression_seed123.pth,80cabbbb2e30df37b46c31fa2a7b68cfe4f62f3e4cf7f6a258fcb5ddb202781c,88.1083517074585
ResNeXt50Regression,EPFL,456,extracted_dataset/downloaded_models/EPFL/ResNeXt50Regression/ResNeXt50Regression_seed456.pth,0d16eb6dd854e0d688fdf36055491f7c4889190de42d5928e4b216014c2d72ce,88.1083517074585
ResNeXt50Regression,EPFL,789,extracted_dataset/downloaded_models/EPFL/ResNeXt50Regression/ResNeXt50Regression_seed789.pth,4e29fce679cd8660f25451d60d76e4cf9b2c85322403397192ca6d0c74db8883,88.11781215667725
ResNeXt50Regression,EPFL,1024,extracted_dataset/downloaded_models/EPFL/ResNeXt50Regression/ResNeXt50Regression_seed1024.pth,357b1fc8e215ba7e833d597daa19677da2524e947b0b144964ca7011d6214e98,88.11813449859619
ResNeXt50Regression,NFFA,42,extracted_dataset/downloaded_models/NFFA/ResNeXt50Regression/ResNeXt50Regression_seed42.pth,c3bd3c7615009dbe45a64fdf6df5c80be0b7f0b557b437e5f99d766d79248a9b,88.1174898147583
ResNeXt50Regression,NFFA,123,extracted_dataset/downloaded_models/NFFA/ResNeXt50Regression/ResNeXt50Regression_seed123.pth,7598b12a96d232bb34ffa3aa474625f6cd067ac751fc5f2a68d2a4eb69d1d951,88.11781215667725
ResNeXt50Regression,NFFA,456,extracted_dataset/downloaded_models/NFFA/ResNeXt50Regression/ResNeXt50Regression_seed456.pth,563e94ca903990f63fe08a0c04d5be1c0af55a193e90913e43c743b095fca902,88.11781215667725
ResNeXt50Regression,NFFA,789,extracted_dataset/downloaded_models/NFFA/ResNeXt50Regression/ResNeXt50Regression_seed789.pth,9e0ebc98dd5e4048a8d6e57b8c256a3692c254f8d13acff934f09bfee97a2838,88.11781215667725
ResNeXt50Regression,NFFA,1024,extracted_dataset/downloaded_models/NFFA/ResNeXt50Regression/ResNeXt50Regression_seed1024.pth,4bf9630f4c4831fe4136c70e3ea1f78ba8f1da4c908e3af008e64703c391059d,88.11813449859619
ResNet18Regression,Biofilms,42,extracted_dataset/downloaded_models/Biofilms/ResNet18Regression/ResNet18Regression_seed42.pth,a191dc7425a5aae145bf4c0e826ade117fd04ab4efa014a4674137a253f8d987,42.69196605682373
ResNet18Regression,Biofilms,123,extracted_dataset/downloaded_models/Biofilms/ResNet18Regression/ResNet18Regression_seed123.pth,9cb891eaac6b13afa86751fb370ac759a0df3b5072d7c51bdaf6a1cf99169d89,42.69208812713623
ResNet18Regression,Biofilms,456,extracted_dataset/downloaded_models/Biofilms/ResNet18Regression/ResNet18Regression_seed456.pth,8e7490c056a51ccd6af578b34d4ab757cd2b4301e34dc3db8d15c0ad9016c704,42.69208812713623
ResNet18Regression,Biofilms,789,extracted_dataset/downloaded_models/Biofilms/ResNet18Regression/ResNet18Regression_seed789.pth,33edbbf20f58d23b340ba0b57250163e07b3ca6a0af2efd86c7ba09e59045481,42.69208812713623
ResNet18Regression,Biofilms,1024,extracted_dataset/downloaded_models/Biofilms/ResNet18Regression/ResNet18Regression_seed1024.pth,6ebea2cbd25e6ae0b1ddf2b6d9e47e5bce5770365e835511d297fcf40bec202d,42.69221019744873
ResNet18Regression,EPFL,42,extracted_dataset/downloaded_models/EPFL/ResNet18Regression/ResNet18Regression_seed42.pth,5081719d0e42a188033cce92e576bcbc658b5086019b31c78aa9ab26cfb7c8f9,42.69196605682373
ResNet18Regression,EPFL,123,extracted_dataset/downloaded_models/EPFL/ResNet18Regression/ResNet18Regression_seed123.pth,a3d40b870c285106587eee4a564f017640c9cbd36bfcb1372408ff5f39764e94,42.69208812713623
ResNet18Regression,EPFL,456,extracted_dataset/downloaded_models/EPFL/ResNet18Regression/ResNet18Regression_seed456.pth,f43a5c92abf17841b00f5e10efe159ac9659d158d58410df1aef4c992593748a,42.69208812713623
ResNet18Regression,EPFL,789,extracted_dataset/downloaded_models/EPFL/ResNet18Regression/ResNet18Regression_seed789.pth,4585c41639a92dd33c1016cfdb6ce1f65a8282aa2b80eeef30978bacbaeb1c04,42.69208812713623
ResNet18Regression,EPFL,1024,extracted_dataset/downloaded_models/EPFL/ResNet18Regression/ResNet18Regression_seed1024.pth,c346e704d389a3f75a80215c27c39d8abcf6ff40f5e63b3f56fdd9135658c30f,42.69221019744873
ResNet18Regression,NFFA,42,extracted_dataset/downloaded_models/NFFA/ResNet18Regression/ResNet18Regression_seed42.pth,5d1e1651eadd7cbfa202429874819485100603fe49b9806c0d442c81f4225f08,42.69196605682373
ResNet18Regression,NFFA,123,extracted_dataset/downloaded_models/NFFA/ResNet18Regression/ResNet18Regression_seed123.pth,e742717c6a3292fa58a1919ef9158769afbd690771d7d701942dec79c73ace93,42.69208812713623
ResNet18Regression,NFFA,456,extracted_dataset/downloaded_models/NFFA/ResNet18Regression/ResNet18Regression_seed456.pth,08cbfaca9e71cd458fc85ec7a759607d3fa8645e2d0949e08d4baa8e7dfcbd13,42.69208812713623
ResNet18Regression,NFFA,789,extracted_dataset/downloaded_models/NFFA/ResNet18Regression/ResNet18Regression_seed789.pth,9a60431df8a1a71b800cbe4bd71ffce24694101f80b13c1afde84201a1482f97,42.69208812713623
ResNet18Regression,NFFA,1024,extracted_dataset/downloaded_models/NFFA/ResNet18Regression/ResNet18Regression_seed1024.pth,391de22c74e7019f8f546a6cea759da8bfebff8363cd2c6d7dbf9a797577202b,42.69221019744873
TOPIQ_NR_SNR,Biofilms,42,sota_iqa_baselines/checkpoints/TOPIQ_NR_SNR/Biofilms/seed_42/best.pt,951bf0115c424c9b0d9b356e25275006e67fb7e73ce31347f528735090212bd4,172.74644565582275
TOPIQ_NR_SNR,Biofilms,123,sota_iqa_baselines/checkpoints/TOPIQ_NR_SNR/Biofilms/seed_123/best.pt,e2bb4aaae27f7fb2f2bc5b651a0fc1c05485abd62d3dff04cfa11ab8ce2f80b7,172.74644565582275
TOPIQ_NR_SNR,Biofilms,456,sota_iqa_baselines/checkpoints/TOPIQ_NR_SNR/Biofilms/seed_456/best.pt,547bd0d7d4bfe3d4faf44fd2d52fd8242a9c3555fa01118cd3755f198f8c618e,172.74644565582275
TOPIQ_NR_SNR,Biofilms,789,sota_iqa_baselines/checkpoints/TOPIQ_NR_SNR/Biofilms/seed_789/best.pt,4d80a050d377dbade39b0e1874daf8f5fee19d6c58e696e45ed899dfd8706c5d,172.74644565582275
TOPIQ_NR_SNR,Biofilms,1024,sota_iqa_baselines/checkpoints/TOPIQ_NR_SNR/Biofilms/seed_1024/best.pt,52cd1930e3755acdba33041549a4468a90ab3f4ca7bc9656cf0f6ed43021df0a,172.74644565582275
TOPIQ_NR_SNR,EPFL,42,sota_iqa_baselines/checkpoints/TOPIQ_NR_SNR/EPFL/seed_42/best.pt,e3b79c5ae3ab448d1430c1046c1ed2ec3acedf81c9cccf3a3b06fbd75bd53d73,172.74644565582275
TOPIQ_NR_SNR,EPFL,123,sota_iqa_baselines/checkpoints/TOPIQ_NR_SNR/EPFL/seed_123/best.pt,b15abe15a1aaeee1aa06310d2559740fb72ec82f1db7925a0132352ea7a57ec3,172.74644565582275
TOPIQ_NR_SNR,EPFL,456,sota_iqa_baselines/checkpoints/TOPIQ_NR_SNR/EPFL/seed_456/best.pt,a04c48fd660d1a902c45dad3b83ff01bfdcd084b42a3ff9ddf3092ec31bafab8,172.74644565582275
TOPIQ_NR_SNR,EPFL,789,sota_iqa_baselines/checkpoints/TOPIQ_NR_SNR/EPFL/seed_789/best.pt,89c15078e1d4d5c31494edd3c56ecc9b5e87daab4acaea35fdb022fc13c85b81,172.74644565582275
TOPIQ_NR_SNR,EPFL,1024,sota_iqa_baselines/checkpoints/TOPIQ_NR_SNR/EPFL/seed_1024/best.pt,e0f773be00807d622f829eda579555cf38ee98840cf365fa341dbc1146fd2e5e,172.74644565582275
TOPIQ_NR_SNR,NFFA,42,sota_iqa_baselines/checkpoints/TOPIQ_NR_SNR/NFFA/seed_42/best.pt,d294b83b9ce3165582454a488abd95139a98f6e642e7999e1ddd7ccb4ef01088,172.74644565582275
TOPIQ_NR_SNR,NFFA,123,sota_iqa_baselines/checkpoints/TOPIQ_NR_SNR/NFFA/seed_123/best.pt,af70167b2c21e2b0369055f0da23908fde4112d30353f2ac167c5f6c67b24510,172.74644565582275
TOPIQ_NR_SNR,NFFA,456,sota_iqa_baselines/checkpoints/TOPIQ_NR_SNR/NFFA/seed_456/best.pt,6e8dea973c4c78c74a6983c13670b7af75b69648f8e6b8f58419ee380d0ed391,172.74644565582275
TOPIQ_NR_SNR,NFFA,789,sota_iqa_baselines/checkpoints/TOPIQ_NR_SNR/NFFA/seed_789/best.pt,417db11dbb89199ff05486962931654a715055849d3cfb00274339218291e106,172.74644565582275
TOPIQ_NR_SNR,NFFA,1024,sota_iqa_baselines/checkpoints/TOPIQ_NR_SNR/NFFA/seed_1024/best.pt,eb99db085514beb907e65377d0d30bd9d4345290f604b3617d203749bbb76bfd,172.74644565582275
ViTRegression,Biofilms,42,extracted_dataset/downloaded_models/Biofilms/ViTRegression/ViTRegression_seed42.pth,1052c3f58d4d428f1b49a085633bef7ded9ea349466cb7dbf028f864f17377bb,326.03211402893066
ViTRegression,Biofilms,123,extracted_dataset/downloaded_models/Biofilms/ViTRegression/ViTRegression_seed123.pth,3677f671960a84da4f64e22980cdbe2d372d750eff1bb325ea1ee8af6c1da9a0,326.03226375579834
ViTRegression,Biofilms,456,extracted_dataset/downloaded_models/Biofilms/ViTRegression/ViTRegression_seed456.pth,fb57cbc0daef3bfe9fe0953d3f14d72ff8fc280ff852add11a37b9e4d716ca48,326.03226375579834
ViTRegression,Biofilms,789,extracted_dataset/downloaded_models/Biofilms/ViTRegression/ViTRegression_seed789.pth,0c033c301e50d2470f5087123d48a86fb9bc91760bfa20cbff65a8c816336fbe,326.03226375579834
ViTRegression,Biofilms,1024,extracted_dataset/downloaded_models/Biofilms/ViTRegression/ViTRegression_seed1024.pth,dd8d6744ef3c5a5220624d569bb87568dfa9153ad29733900a190c213815c034,326.03247451782227
ViTRegression,EPFL,42,extracted_dataset/downloaded_models/EPFL/ViTRegression/ViTRegression_seed42.pth,239f282d2dbbcf1955b613ecadc3810a11b1b6c072dbba6da1f48681be21361d,326.03211402893066
ViTRegression,EPFL,123,extracted_dataset/downloaded_models/EPFL/ViTRegression/ViTRegression_seed123.pth,ce3e9a083ae8e008324550a02b53f4feb5d9925ee0bb43e49822510b365a1314,326.03226375579834
ViTRegression,EPFL,456,extracted_dataset/downloaded_models/EPFL/ViTRegression/ViTRegression_seed456.pth,e577d4e70e6f5367a48a0e0175af2b96f55d6b9c101ef446b0c18fe35fa666ab,326.03226375579834
ViTRegression,EPFL,789,extracted_dataset/downloaded_models/EPFL/ViTRegression/ViTRegression_seed789.pth,da53d496a7b7e6292ac55f84dc5cc08d48ae50b8b776fbbb24f414dcbef266ae,326.03226375579834
ViTRegression,EPFL,1024,extracted_dataset/downloaded_models/EPFL/ViTRegression/ViTRegression_seed1024.pth,d5fa1e75fb58f72ceedf7922f1df72d7c36d4c259418b98b91d86fd52e8244fc,326.03247451782227
ViTRegression,NFFA,42,extracted_dataset/downloaded_models/NFFA/ViTRegression/ViTRegression_seed42.pth,75f9891258a290bd1cd0a31dabc690e00c8e52aa5c62930d7af87361d27bb57c,326.03211402893066
ViTRegression,NFFA,123,extracted_dataset/downloaded_models/NFFA/ViTRegression/ViTRegression_seed123.pth,6570ae22b04c54cd5751ede1f0b7c5015ebac33f43ec73a1068305fb6d2e252c,326.03226375579834
ViTRegression,NFFA,456,extracted_dataset/downloaded_models/NFFA/ViTRegression/ViTRegression_seed456.pth,054a08cab2c8f2e06e6e3dab435d3c3f9b632875e6cc5c2c1778d4cbfb7933a3,326.03226375579834
ViTRegression,NFFA,789,extracted_dataset/downloaded_models/NFFA/ViTRegression/ViTRegression_seed789.pth,dd29b3c293a1dee99ac48d5f4d50e1f0cbf55542ab5bcdddbfa36608ebbc972a,326.03226375579834
ViTRegression,NFFA,1024,extracted_dataset/downloaded_models/NFFA/ViTRegression/ViTRegression_seed1024.pth,87d806d63ccbf99299dd7dfbe0ffe8a6a57184c598ffa565875434f36853c68e,326.03247451782227
proposed,Biofilms,42,extracted_dataset/downloaded_models/Biofilms/proposed/proposed_seed42.pth,f8a18083d90e538fc12365b6d24bf6cd87e95279c1611c173c973993b3c08296,0.29692745208740234
proposed,Biofilms,123,extracted_dataset/downloaded_models/Biofilms/proposed/proposed_seed123.pth,7e002817381d63b12c95fe5d6d0b8895e6b57547cccfbbe7c1161ac6e0a34eff,0.2969522476196289
proposed,Biofilms,456,extracted_dataset/downloaded_models/Biofilms/proposed/proposed_seed456.pth,36ea5518441673546d3cff3a0b93c5356d8d79a02313ae6df67a7606b827843b,0.2969522476196289
proposed,Biofilms,789,extracted_dataset/downloaded_models/Biofilms/proposed/proposed_seed789.pth,50a097e0a54683e15ae665b4843fd401dfca2b266839cf28e6f852835e4d94d8,0.2969522476196289
proposed,Biofilms,1024,extracted_dataset/downloaded_models/Biofilms/proposed/proposed_seed1024.pth,d563e8747738aca7641094664810f672315a4ce62891d6de30236537620c8cf1,0.29697704315185547
proposed,EPFL,42,extracted_dataset/downloaded_models/EPFL/proposed/proposed_seed42.pth,ffc466dbcca4119baee0437ac550bb1c0f206da6916b63c14d3eb27c614c1a15,0.29692745208740234
proposed,EPFL,123,extracted_dataset/downloaded_models/EPFL/proposed/proposed_seed123.pth,2d927b11fbbcd62f51ff2cd952e32141063de30ab6fb4223b9dfa726fb104693,0.2969522476196289
proposed,EPFL,456,extracted_dataset/downloaded_models/EPFL/proposed/proposed_seed456.pth,ff751e735b8c4f3cbe6a734bd9959fe1c6b5a08eb1b46d0b2b8f8bd26b168a8f,0.2969522476196289
proposed,EPFL,789,extracted_dataset/downloaded_models/EPFL/proposed/proposed_seed789.pth,5ff5189036d2785ab45998ec510054e514a62c9baa3d9b3b2f107a154b0d0c8b,0.2969522476196289
proposed,EPFL,1024,extracted_dataset/downloaded_models/EPFL/proposed/proposed_seed1024.pth,29298645d215077e456cbddb6be83831496f1c422d9b2fe2f765a5964ffed899,0.29697704315185547
proposed,NFFA,42,extracted_dataset/downloaded_models/NFFA/proposed/proposed_seed42.pth,67a3e9b8ca5ff30d57d52b0aa127955d7a8223ae256692872d27ba29aee55719,0.29692745208740234
proposed,NFFA,123,extracted_dataset/downloaded_models/NFFA/proposed/proposed_seed123.pth,5b8ac44d70d95e973c049b8c24874d350aee29f5a0ff86abfae50c50b1d7caef,0.2969522476196289
proposed,NFFA,456,extracted_dataset/downloaded_models/NFFA/proposed/proposed_seed456.pth,031a9dfc412de4e1af07f9f133a58b8134ab72feadc146a0f76adc80b0204c58,0.2969522476196289
proposed,NFFA,789,extracted_dataset/downloaded_models/NFFA/proposed/proposed_seed789.pth,f6d676f3b29e16dda998f0428118b5724baae78a88d629c9bd6430b8b4dd5c14,0.2969522476196289
proposed,NFFA,1024,extracted_dataset/downloaded_models/NFFA/proposed/proposed_seed1024.pth,b0aea07198a04dbc4a34d12786cb8b4b133d499d83bd4f4959f4f744b5f97e55,0.29697704315185547
